n_features,mean,std
20,0.9967874310640502,0.021673477456866725
