n_features,mean,std
10,0.9549776745852592,0.11635811096809451
20,0.9553809973606627,0.12789077257546025
30,0.9138209926937574,0.2853605266249854
40,0.8642828880083919,0.40993001379327004
50,0.7644335813098398,1.6212298944627472
60,0.8501784434806032,0.35065307891029696
70,0.6875148854698545,0.8971744747069214
80,0.6501171419638184,0.8524072595918117
90,0.7565202752903646,0.6013077394161076
100,-2.876726586768779,26.099171475219663
