n_features,mean,std
50,0.8862391034860143,0.26693969506769605
