Features,Mean,Std. Dev
20,0.99687093,0.01597078
40,0.99703836,0.003134155
60,0.99691534,0.004666467
80,0.9962155,0.004251474
100,0.993767,0.021614345
