n_features,mean,std
40,0.8642828880083919,0.40993001379327004
